0,11,14,Followed Profile,2023-09-03 02:20:00
1,16,7,Liked Post,2016-10-05 19:10:37
2,7,17,Left a Comment,2006-07-06 05:52:36
3,0,4,Left a Comment,2019-09-03 15:50:48
4,10,13,Viewed Profile,2021-08-28 09:12:08
5,0,17,Left a Comment,2006-09-23 23:01:00
6,11,3,Viewed Profile,2013-08-25 22:09:32
7,17,7,Shared Post,2022-06-30 16:58:57
8,4,12,Left a Comment,2010-11-07 13:15:35
9,19,0,Followed Profile,2022-07-05 20:06:42
10,8,14,Viewed Profile,2022-02-16 19:35:06
11,7,9,Shared Post,2018-06-15 19:38:17
12,14,19,Viewed Profile,2013-03-14 02:23:50
13,2,6,Followed Profile,2008-08-16 06:59:28
14,1,3,Viewed Profile,2015-08-29 10:58:07
15,6,4,Liked Post,2023-12-01 10:57:43
16,6,13,Liked Post,2004-03-25 14:47:20
17,15,3,Followed Profile,2005-07-29 10:29:09
18,16,19,Viewed Profile,2019-02-03 21:03:54
19,19,13,Viewed Profile,2024-11-22 13:29:12
20,1,16,Left a Comment,2024-01-02 11:24:49
21,8,15,Shared Post,2017-04-21 02:24:17
22,7,8,Followed Profile,2010-07-15 05:19:11
23,13,0,Followed Profile,2018-12-30 01:24:55
24,11,2,Liked Post,2017-02-16 15:44:48
25,12,1,Followed Profile,2005-11-16 01:49:01
26,13,6,Viewed Profile,2022-04-13 05:01:14
27,7,11,Shared Post,2004-10-02 20:01:55
28,8,3,Followed Profile,2004-09-16 05:38:23
29,14,7,Liked Post,2016-11-26 04:20:47
30,11,10,Left a Comment,2021-01-18 08:14:00
31,1,0,Liked Post,2017-04-30 20:09:55
32,1,14,Viewed Profile,2010-08-12 22:57:21
33,19,8,Followed Profile,2020-12-04 23:44:56
34,4,5,Shared Post,2017-03-14 22:49:05
35,7,5,Viewed Profile,2005-08-26 23:11:09
36,2,6,Shared Post,2012-07-23 03:39:19
37,15,5,Liked Post,2023-08-28 15:07:23
38,10,15,Followed Profile,2009-01-02 05:25:05
39,16,10,Liked Post,2013-06-13 06:42:05
40,13,14,Shared Post,2023-06-13 12:34:24
41,9,15,Left a Comment,2006-04-25 21:01:51
42,7,6,Liked Post,2018-12-28 16:52:25
43,7,1,Viewed Profile,2019-03-03 08:55:31
44,4,7,Left a Comment,2016-09-16 22:01:46
45,1,17,Left a Comment,2023-09-25 09:45:23
46,9,16,Liked Post,2014-12-17 17:19:06
47,14,3,Followed Profile,2021-09-07 07:25:56
48,16,10,Liked Post,2017-12-26 06:19:25
49,9,10,Liked Post,2022-10-28 14:12:13
